StudiedPriming,TestedPriming,timecond,TestTestTotal,TestStudyTotal,cond,source
1,7,immediate,9,3,Declarative,sona
3,11,immediate,13,5,Declarative,sona
10,11,immediate,11,10,Declarative,sona
0,3,immediate,4,1,Declarative,sona
0,5,immediate,7,2,Declarative,sona
8,14,immediate,15,9,Declarative,sona
4,11,immediate,12,5,Declarative,sona
4,14,immediate,15,5,Declarative,sona
4,6,immediate,11,9,Declarative,sona
1,9,immediate,15,7,Declarative,sona
5,4,immediate,5,6,Declarative,sona
3,9,immediate,9,3,Declarative,sona
1,5,immediate,6,2,Declarative,sona
0,0,immediate,0,0,Declarative,sona
0,0,immediate,0,0,Declarative,sona
2,11,immediate,15,6,Declarative,sona
0,8,immediate,8,0,Declarative,sona
3,8,immediate,12,7,Declarative,sona
3,13,immediate,15,5,Declarative,sona
2,13,immediate,17,6,Declarative,sona
1,6,immediate,9,4,Declarative,sona
0,6,immediate,11,5,Declarative,sona
4,9,immediate,12,7,Declarative,sona
0,9,immediate,12,3,Declarative,sona
-1,3,immediate,5,1,Declarative,sona
4,8,immediate,10,6,Declarative,sona
1,5,immediate,7,3,Declarative,sona
7,11,immediate,12,8,Declarative,sona
2,6,immediate,8,4,Declarative,sona
5,5,immediate,6,6,Declarative,sona
4,13,immediate,15,10,NonDeclarative,sona
1,12,immediate,12,12,NonDeclarative,sona
6,11,immediate,14,8,NonDeclarative,sona
6,16,immediate,18,10,NonDeclarative,sona
6,13,immediate,14,8,NonDeclarative,sona
5,12,immediate,18,12,NonDeclarative,sona
1,10,immediate,12,5,NonDeclarative,sona
2,7,immediate,8,8,NonDeclarative,sona
0,11,immediate,12,11,NonDeclarative,sona
1,10,immediate,12,7,NonDeclarative,sona
6,14,immediate,16,9,NonDeclarative,sona
3,14,immediate,18,15,NonDeclarative,sona
4,11,immediate,15,13,NonDeclarative,sona
8,12,immediate,13,13,NonDeclarative,sona
5,12,immediate,13,11,NonDeclarative,sona
5,9,immediate,12,9,NonDeclarative,sona
1,13,immediate,17,9,NonDeclarative,sona
1,8,immediate,9,4,NonDeclarative,sona
2,15,immediate,17,9,NonDeclarative,sona
0,7,immediate,8,4,NonDeclarative,sona
1,9,immediate,13,13,NonDeclarative,sona
0,13,immediate,13,2,NonDeclarative,sona
0,13,immediate,13,5,NonDeclarative,sona
3,9,immediate,10,4,NonDeclarative,sona
6,11,immediate,12,8,NonDeclarative,sona
6,14,immediate,17,12,NonDeclarative,sona
4,12,immediate,13,2,NonDeclarative,sona
-1,12,immediate,16,6,NonDeclarative,sona
3,10,immediate,13,6,NonDeclarative,sona
4,11,immediate,14,9,NonDeclarative,sona
7,14,immediate,17,15,NonDeclarative,sona
-1,11,immediate,12,6,NonDeclarative,sona
7,15,immediate,15,9,NonDeclarative,sona
0,5,Delay,6,1,Declarative,sona
0,0,Delay,0,0,Declarative,sona
-1,3,Delay,5,1,Declarative,sona
0,7,Delay,13,6,Declarative,sona
1,2,Delay,9,8,Declarative,sona
-3,-1,Delay,2,0,Declarative,sona
-3,2,Delay,5,0,Declarative,sona
-1,6,Delay,9,2,Declarative,sona
1,9,Delay,18,10,Declarative,sona
0,4,Delay,8,4,Declarative,sona
-1,3,Delay,6,2,Declarative,sona
2,12,Delay,13,3,Declarative,sona
-1,0,Delay,1,0,Declarative,sona
0,5,Delay,7,2,Declarative,sona
1,12,Delay,13,2,Declarative,sona
1,6,Delay,8,3,Declarative,sona
1,2,Delay,2,1,Declarative,sona
3,13,Delay,15,5,Declarative,sona
-2,5,Delay,7,0,Declarative,sona
2,9,Delay,12,5,NonDeclarative,sona
-4,1,Delay,6,1,NonDeclarative,sona
0,0,Delay,0,0,NonDeclarative,sona
-1,3,Delay,4,0,NonDeclarative,sona
2,6,Delay,9,5,NonDeclarative,sona
-3,4,Delay,9,2,NonDeclarative,sona
0,2,Delay,2,0,NonDeclarative,sona
0,0,Delay,0,0,NonDeclarative,sona
0,0,Delay,0,0,NonDeclarative,sona
1,10,Delay,11,2,NonDeclarative,sona
2,10,Delay,12,4,NonDeclarative,sona
-2,-1,Delay,5,4,NonDeclarative,sona
-2,4,Delay,8,2,NonDeclarative,sona
-1,1,Delay,2,0,NonDeclarative,sona
0,0,Delay,0,0,NonDeclarative,sona
0,6,Delay,9,3,NonDeclarative,sona
-1,7,Delay,15,7,NonDeclarative,sona
-1,1,Delay,3,1,NonDeclarative,sona
9,7,Delay,9,11,NonDeclarative,sona
0,0,Delay,0,0,NonDeclarative,sona
-1,8,Delay,12,3,NonDeclarative,sona
5,11,Delay,15,9,NonDeclarative,sona
1,5,Delay,10,6,NonDeclarative,sona
2,9,Delay,10,3,NonDeclarative,sona
0,3,Delay,3,0,NonDeclarative,sona
1,6,Delay,10,5,NonDeclarative,sona
-1,6,Delay,7,0,NonDeclarative,sona
